id,displayName,components,observedLgas,censusPopulation2021,adjustedThreeYearPersonYears,growthMultiple,candidateSafetyScore,candidateRank,census2021SmoothedScore,census2021SmoothedRank,denominatorScoreDelta,denominatorRankDelta,adjustedRawScore,adjustedRawRank,smoothingScoreDelta,smoothingRankDelta,personCount,personRawRate,personSmoothedRate,personRiskPercentile,burglaryCount,burglaryRawRate,burglarySmoothedRate,burglaryRiskPercentile,vehicleCount,vehicleRawRate,vehicleSmoothedRate,vehicleRiskPercentile,damageCount,damageRawRate,damageSmoothedRate,damageRiskPercentile
inner-south-yarra-2br,South Yarra,South Yarra,Melbourne | Stonnington,25028,87715.6238,1.1682,1.8008,102,1.6017,102,0.1992,0,2.0339,99,-0.2331,3,1202,1370.3374,1352.2829,0.7797,748,852.7557,815.7216,0.9237,2386,2720.1539,2643.5394,0.7797,669,762.6919,749.282,0.7203
inner-richmond-2br,Richmond,Richmond,Yarra,28587,94719.1221,1.1045,1.4873,104,1.5805,103,-0.0932,1,1.7331,101,-0.2458,3,1458,1539.2879,1506.3072,0.8644,724,764.3652,738.2486,0.8814,2511,2650.9959,2586.1094,0.7458,863,911.1149,884.4283,0.8559
inner-collingwood-2br,Collingwood,Collingwood,Yarra,9179,30413.3635,1.1045,0.4576,117,0.4703,117,-0.0127,0,0.5254,116,-0.0678,1,860,2827.7043,2423.4352,0.9407,359,1180.4022,1009.7834,0.9831,1214,3991.6664,3491.7932,0.9322,556,1828.1437,1532.0813,0.9831
inner-windsor-prahran-2br,Windsor / Prahran,Windsor | Prahran,Port Phillip | Stonnington,19476,63283.5477,1.0831,0.589,114,0.5593,115,0.0297,-1,0.7712,112,-0.1822,2,1539,2431.9117,2262.9795,0.9153,776,1226.2271,1125.8836,1.0,2207,3487.4783,3280.615,0.9153,782,1235.7082,1153.2815,0.9237
inner-abbotsford-2br,Abbotsford,Abbotsford,Yarra,9088,30111.8474,1.1045,1.6907,103,1.7458,100,-0.0551,3,1.678,103,0.0127,0,469,1557.5265,1466.8776,0.8475,239,793.7075,718.2103,0.8644,769,2553.8121,2408.6426,0.6864,309,1026.1742,927.8196,0.8983
sunshine-station-2br,Sunshine,Sunshine,Brimbank,9445,28561.0923,1.008,0.822,110,0.9915,108,-0.1695,2,0.8008,111,0.0212,-1,1046,3662.3249,3022.1957,0.9831,188,658.2381,614.8359,0.7712,1429,5003.3101,4217.0773,0.9746,509,1782.1447,1483.7898,0.9746
footscray-station-2br,Footscray,Footscray,Maribyrnong,17131,56364.9697,1.0967,0.4237,119,0.3983,119,0.0254,0,0.5593,115,-0.1356,4,1571,2787.1921,2547.1144,0.9492,603,1069.8134,982.5778,0.9576,2650,4701.5017,4290.1414,0.9831,917,1626.897,1476.9321,0.9661
seddon-westfootscray-villa,Seddon / West Footscray,Seddon | West Footscray,Maribyrnong,16872,55512.7995,1.0967,6.7966,36,6.6144,36,0.1822,0,6.4958,39,0.3008,-3,359,646.6977,730.2263,0.2034,220,396.305,410.7402,0.3136,1342,2417.4605,2349.3898,0.6695,296,533.2104,548.2373,0.4831
yarraville-2br,Yarraville,Yarraville,Maribyrnong,15636,51446.0724,1.0967,7.5127,22,7.2754,28,0.2373,-6,7.0763,27,0.4364,-5,324,629.7857,721.5948,0.178,159,309.0615,338.6505,0.161,1103,2143.9926,2115.9222,0.6271,215,417.9133,452.6987,0.3475
established-western-value,St Albans,St Albans,Brimbank,38042,115036.6407,1.008,2.7881,91,3.6525,84,-0.8644,7,3.0975,89,-0.3093,2,1658,1441.2799,1421.4967,0.8305,629,546.7823,542.311,0.6441,2297,1996.7551,1994.7361,0.5085,875,760.6272,750.3125,0.7288
northwest-villa-corridor,Pascoe Vale / Glenroy,Pascoe Vale | Glenroy,Merri-bek,41963,136309.1446,1.0828,5.3644,57,5.3432,60,0.0212,-3,5.1229,61,0.2415,-4,1487,1090.9026,1097.9435,0.6356,542,397.6256,403.999,0.2881,1883,1381.4187,1421.7505,0.2373,729,534.8137,541.4327,0.4746
upfield-corridor,Brunswick / Coburg,Brunswick | Coburg,Merri-bek,51470,167190.8985,1.0828,3.8263,80,3.7627,81,0.0636,-1,3.8475,80,-0.0212,0,1834,1096.9497,1102.4221,0.6441,856,511.9896,510.7979,0.5424,3632,2172.3671,2161.0315,0.6356,1287,769.7787,761.9836,0.7458
northern-rail-value,Reservoir,Reservoir,Darebin,51096,164696.1226,1.0744,3.2458,86,3.3093,87,-0.0636,-1,3.411,85,-0.1653,1,1899,1153.0326,1155.3729,0.661,957,581.0701,575.9071,0.7288,3498,2123.9116,2115.1878,0.6186,1186,720.1141,715.0505,0.6695
inner-se-apartment-corridor,Carnegie / Oakleigh,Carnegie | Murrumbeena | Oakleigh,Glen Eira | Monash,36373,117990.3301,1.0813,5.0636,67,5.1568,66,-0.0932,1,4.7627,72,0.3008,-5,1104,935.6699,955.847,0.4915,573,485.633,486.0425,0.4915,2372,2010.3342,2007.3009,0.5254,593,502.5836,512.6681,0.4322
se-value-corridor,Springvale / Noble Park,Springvale | Noble Park | Clayton,Greater Dandenong | Monash,70825,225070.3764,1.0593,3.589,82,3.822,80,-0.2331,2,3.6398,83,-0.0508,-1,3126,1388.8989,1380.6043,0.7966,973,432.3092,434.8006,0.3559,5462,2426.7965,2407.4284,0.678,1632,725.1065,721.1311,0.6864
frankston-middle-ring,Moorabbin / Cheltenham,Moorabbin | Highett | Cheltenham,Bayside | Kingston,42255,132769.078,1.0474,5.0763,66,5.3093,61,-0.2331,5,4.8983,69,0.178,-3,1431,1077.8112,1085.9436,0.6186,533,401.4489,407.7125,0.2966,2339,1761.7054,1776.4008,0.4153,916,689.9197,685.8387,0.6356
inner-lowcar-benchmark,Kensington / Flemington,Kensington | Flemington,Melbourne | Moonee Valley,17770,61719.2101,1.1577,3.0085,88,2.7754,93,0.2331,-5,3.1017,88,-0.0932,0,866,1403.1288,1373.9578,0.7881,277,448.8068,454.6724,0.4407,1909,3093.0402,2936.6624,0.8559,599,970.5244,923.275,0.8898
ascot-vale-2br,Ascot Vale,Ascot Vale,Moonee Valley,14770,46884.2165,1.0581,3.572,83,3.8729,77,-0.3008,6,3.6102,84,-0.0381,-1,679,1448.2486,1403.5382,0.8136,179,381.7916,400.9679,0.2797,1266,2700.2691,2572.1565,0.7373,414,883.0264,838.8365,0.8305
growth-corridor-stress-test,Tarneit / Wyndham Vale,Tarneit | Wyndham Vale,Wyndham,76888,271974.6834,1.1791,6.3559,43,5.6992,53,0.6568,-10,5.8686,51,0.4873,-8,2702,993.4748,1000.5833,0.5339,948,348.5619,353.6088,0.2119,3168,1164.8143,1193.4231,0.0932,1299,477.618,483.0808,0.3983
craigieburn-townhouse,Craigieburn,Craigieburn,Hume,65178,221638.4955,1.1335,6.678,38,6.5424,40,0.1356,-2,6.3686,41,0.3093,-3,2277,1027.3486,1034.5395,0.5932,331,149.3423,164.0865,0.0,2670,1204.6644,1237.7697,0.1441,914,412.3832,421.8494,0.2797
donnybrook-house-land,Donnybrook,Donnybrook,Whittlesea,2100,7077.9924,1.1235,0.8136,111,0.8263,111,-0.0127,0,0.339,119,0.4746,-8,227,3207.1241,2028.2928,0.9068,140,1977.962,1107.1994,0.9915,268,3786.3844,2723.687,0.8136,115,1624.7545,1043.2466,0.9153
northcote-2br,Northcote,Northcote,Darebin,25110,80936.2697,1.0744,7.8263,13,7.8771,13,-0.0508,0,7.4661,21,0.3602,-8,436,538.6954,610.7483,0.0424,347,428.7324,435.566,0.3644,1511,1866.901,1878.4046,0.4576,352,434.9101,456.5456,0.3644
thornbury-2br,Thornbury,Thornbury,Darebin,18476,59553.1071,1.0744,5.6822,53,5.8814,48,-0.1992,5,5.2797,58,0.4025,-5,416,698.5362,769.7596,0.2881,293,491.9978,491.8363,0.5085,1495,2510.3644,2432.8907,0.7034,378,634.7276,634.2859,0.5932
preston-villa,Preston,Preston,Darebin,33169,106912.5898,1.0744,1.3898,105,1.5805,104,-0.1907,1,1.7288,102,-0.339,3,1608,1504.0324,1477.507,0.8559,756,707.1197,688.6234,0.8559,3447,3224.1292,3116.9877,0.8729,1145,1070.9684,1033.3922,0.9068
box-hill-2br,Box Hill,Box Hill,Whitehorse,14353,46468.7805,1.0792,1.2203,108,1.3856,106,-0.1653,2,1.3686,107,-0.1483,1,768,1652.7225,1571.4731,0.8729,413,888.7688,818.306,0.9322,1298,2793.2732,2647.7481,0.7966,423,910.2886,860.9458,0.8475
malvern-2br,Malvern,Malvern,Stonnington,9751,31566.2882,1.0791,5.0932,65,5.1907,65,-0.0975,0,5.3347,57,-0.2415,8,202,639.9232,773.2028,0.3051,221,700.114,649.7752,0.8136,643,2036.9832,2021.2319,0.5424,109,345.3051,414.1952,0.2542
toorak-2br,Toorak,Toorak,Stonnington,12772,41345.9782,1.0791,5.2458,61,5.2966,63,-0.0508,-2,5.1525,60,0.0932,1,265,640.933,748.6306,0.2373,323,781.2126,724.6671,0.8729,837,2024.3807,2014.0839,0.5339,155,374.8853,424.8932,0.2966
kew-2br,Kew,Kew,Boroondara,24082,75826.0841,1.0496,6.9831,30,7.2797,27,-0.2966,3,6.4958,38,0.4873,-8,483,636.984,701.8748,0.1525,392,516.9725,513.9317,0.5678,1113,1467.8326,1526.5185,0.3051,267,352.1216,384.6914,0.1864
balwyn-2br,Balwyn,Balwyn,Boroondara,13441,42321.1692,1.0496,6.9492,33,7.0763,33,-0.1271,0,6.9915,30,-0.0424,3,226,534.0117,660.1376,0.1017,273,645.0672,615.5968,0.7881,403,952.2421,1147.0521,0.0763,123,290.6347,355.8131,0.1271
albert-park-2br,Albert Park,Albert Park,Port Phillip,5828,19243.4551,1.1006,3.6737,81,3.5,86,0.1737,-5,3.6949,81,-0.0212,0,192,997.7418,1064.8252,0.6102,101,524.8538,513.2343,0.5593,716,3720.7456,3122.5827,0.8814,118,613.1955,619.5081,0.5508
st-kilda-2br,St Kilda,St Kilda,Port Phillip,19490,64353.9704,1.1006,0.4492,118,0.4364,118,0.0127,0,0.6102,114,-0.161,4,1900,2952.4208,2715.9164,0.9576,682,1059.7637,983.2527,0.9661,2247,3491.6261,3287.183,0.9237,1023,1589.6455,1460.8037,0.9576
balaclava-2br,Balaclava,Balaclava,Port Phillip,5392,17803.828,1.1006,2.9407,89,2.9364,89,0.0042,0,2.6992,91,0.2415,-2,269,1510.911,1396.9001,0.8051,94,527.9763,514.6321,0.5763,387,2173.6898,2100.9735,0.6017,167,938.0005,827.8197,0.8051
elwood-2br,Elwood,Elwood,Port Phillip,15153,50033.6436,1.1006,6.3051,44,6.2288,44,0.0763,0,5.9534,49,0.3517,-5,336,671.5481,758.5608,0.2712,245,489.6705,489.871,0.5,947,1892.7264,1905.8498,0.4831,181,361.7566,406.7146,0.2288
cremorne-2br,Cremorne,Cremorne,Yarra,2158,7150.2384,1.1045,2.6695,94,2.7712,94,-0.1017,0,1.9831,100,0.6864,-6,102,1426.5259,1290.8957,0.7373,48,671.3063,566.0996,0.7034,230,3216.676,2490.6421,0.7288,93,1300.6559,910.5738,0.8814
chelsea-2br,Chelsea,Chelsea,Kingston,8347,26279.977,1.0495,5.4492,56,5.5932,55,-0.1441,1,5.5297,55,-0.0805,1,330,1255.7089,1238.6769,0.6864,74,281.5832,339.271,0.178,292,1111.1121,1348.2673,0.1949,165,627.8544,628.9022,0.5847
bonbeach-2br,Bonbeach,Bonbeach,Kingston,6855,21582.5138,1.0495,6.1017,46,6.3856,43,-0.2839,3,6.8814,32,-0.7797,14,134,620.873,802.3164,0.3644,104,481.8716,484.7221,0.4831,273,1264.9129,1488.6436,0.2881,86,398.4707,472.3043,0.3898
north-melbourne-2br,North Melbourne,North Melbourne,Melbourne,14551,54888.7493,1.2574,2.1907,99,1.5508,105,0.6398,-6,2.3051,96,-0.1144,3,711,1295.3474,1279.716,0.7288,390,710.5281,676.6773,0.8475,1584,2885.8373,2744.9305,0.822,465,847.1681,813.9555,0.7797
sunbury-house,Sunbury,Sunbury,Hume,37925,128964.3736,1.1335,6.9746,32,6.6525,35,0.322,-3,6.5466,37,0.428,-5,1289,999.5008,1013.4912,0.5424,276,214.0126,233.9358,0.0254,1041,807.1997,890.9845,0.0339,591,458.2661,470.7434,0.3729
spotswood-2br,Spotswood,Spotswood,Hobsons Bay,2820,8868.4684,1.0483,3.4619,84,3.6102,85,-0.1483,-1,3.6907,82,-0.2288,2,73,823.141,1019.6466,0.5593,58,654.0024,567.547,0.7119,337,3799.9797,2830.919,0.839,74,834.4169,726.9566,0.6949
south-melbourne-2br,South Melbourne,South Melbourne,Port Phillip,11548,38130.3053,1.1006,0.5339,115,0.5339,116,0.0,-1,0.6314,113,-0.0975,2,1021,2677.6602,2369.3839,0.9322,401,1051.6569,935.1435,0.9492,1995,5232.0588,4554.617,0.9915,603,1581.4193,1384.0876,0.9407
armadale-2br,Armadale,Armadale,Stonnington,9368,30326.4269,1.0791,4.5975,74,4.6229,73,-0.0254,1,4.7034,73,-0.1059,1,205,675.9781,804.4147,0.3814,214,705.6552,652.3946,0.822,633,2087.2884,2058.5783,0.5678,120,395.6945,454.2073,0.3559
burnley-2br,Burnley,Burnley,Yarra,794,2630.8106,1.1045,2.7839,92,2.8602,90,-0.0763,2,1.2797,108,1.5042,-16,50,1900.5549,1341.0991,0.7712,17,646.1887,523.224,0.6017,132,5017.4649,2605.9377,0.7627,42,1596.4661,832.6114,0.822
hawthorn-2br,Hawthorn,Hawthorn,Boroondara,22322,70284.4386,1.0496,5.2881,59,5.7203,51,-0.4322,8,5.2119,59,0.0763,0,526,748.3876,803.8814,0.3729,385,547.7742,540.6869,0.6356,1333,1896.5791,1905.9124,0.4915,334,475.2119,494.6981,0.4068
mckinnon-villa,McKinnon,McKinnon,Glen Eira,6878,22235.4479,1.0776,7.4534,23,7.3008,25,0.1525,-2,8.0424,14,-0.589,9,136,611.636,792.2697,0.339,76,341.7966,388.0431,0.2288,187,840.9995,1191.7038,0.0847,44,197.8822,332.4464,0.0763
glen-waverley-2br,Glen Waverley,Glen Waverley,Monash,42642,139887.0766,1.0935,6.8983,34,6.589,38,0.3093,-4,5.9958,48,0.9025,-14,909,649.8098,686.111,0.1102,811,579.7533,573.8236,0.7203,1919,1371.8208,1411.8302,0.2203,467,333.8407,353.71,0.1186
balwyn-north-2br,Balwyn North,Balwyn North,Boroondara | Whitehorse,21302,68019.7139,1.0644,7.7669,15,7.8178,15,-0.0508,0,7.6864,19,0.0805,-4,295,433.6978,531.1372,0.0085,390,573.3632,562.7904,0.6949,587,862.9851,1005.0678,0.0678,116,170.5388,229.6414,0.0085
middle-park-2br,Middle Park,Middle Park,Port Phillip,4000,13207.5876,1.1006,4.8771,70,4.5932,74,0.2839,-4,6.0763,47,-1.1992,23,66,499.7128,798.8408,0.3475,76,575.4268,538.9937,0.6271,440,3331.4184,2745.4429,0.8305,75,567.8554,595.3465,0.5169
mentone-2br,Mentone,Mentone,Kingston,13197,41549.881,1.0495,6.9746,31,7.1568,31,-0.1822,0,6.8559,33,0.1186,-2,346,832.734,902.7988,0.4576,100,240.6746,289.21,0.0932,451,1085.4423,1257.3279,0.1525,208,500.6031,526.0256,0.4576
clifton-hill-2br,Clifton Hill,Clifton Hill,Yarra,6606,21888.0792,1.1045,6.089,47,5.8686,49,0.2203,-2,6.4915,40,-0.4025,7,144,657.8924,825.9879,0.3898,77,351.7897,395.4062,0.2542,506,2311.7606,2205.0593,0.6441,109,497.988,539.9057,0.4661
doncaster-villa,Doncaster,Doncaster,Manningham,25020,78996.8115,1.0524,5.0,68,5.2203,64,-0.2203,4,4.9195,68,0.0805,0,617,781.0442,827.436,0.3983,545,689.9013,667.5379,0.839,1073,1358.2827,1427.1872,0.2458,305,386.0915,413.684,0.2458
ivanhoe-house,Ivanhoe,Ivanhoe,Banyule,13374,41737.5369,1.0403,4.7034,72,5.1568,67,-0.4534,5,4.5042,75,0.1992,-3,273,654.0875,758.4275,0.2627,384,920.0351,837.0855,0.9407,876,2098.8301,2074.2214,0.5932,253,606.169,611.0951,0.5424
heidelberg-3br-townhouse,Heidelberg,Heidelberg,Banyule,7360,22969.0647,1.0403,2.5339,96,2.7966,91,-0.2627,5,2.5975,93,-0.0636,3,890,3874.7768,3061.6328,0.9915,102,444.0755,458.2703,0.4492,464,2020.1084,2005.368,0.5169,197,857.6753,789.1203,0.7712
rosanna-house,Rosanna,Rosanna,Banyule,8616,26888.7855,1.0403,8.3644,9,8.4873,8,-0.1229,1,8.6102,10,-0.2458,-1,134,498.349,686.9071,0.1186,98,364.4642,398.7321,0.2712,250,929.7556,1212.1599,0.1186,63,234.2984,342.0161,0.1017
fairfield-house,Fairfield,Fairfield,Darebin | Yarra,6535,21358.4447,1.0894,4.8178,71,4.7839,71,0.0339,0,4.7669,71,0.0508,0,194,908.3058,999.3853,0.5254,101,472.8809,478.6189,0.4746,453,2120.9409,2073.2886,0.5847,116,543.1107,571.3471,0.5085
surrey-hills-house,Surrey Hills,Surrey Hills,Boroondara | Whitehorse,13655,43601.9713,1.0644,8.6186,7,8.6059,7,0.0127,0,8.5636,11,0.0551,-4,123,282.0973,452.2067,0.0,177,405.9449,421.7894,0.3305,569,1304.9869,1429.3337,0.2542,74,169.7171,255.8965,0.0169
blackburn-house,Blackburn,Blackburn,Whitehorse,14478,46873.4762,1.0792,6.0847,48,6.0085,46,0.0763,2,5.7754,53,0.3093,-5,323,689.0891,777.8524,0.3136,242,516.2834,511.8158,0.5508,791,1687.5215,1737.455,0.3898,165,352.0114,401.181,0.2203
mount-waverley-villa,Mount Waverley,Mount Waverley,Monash,35340,115932.8664,1.0935,7.9958,12,7.8602,14,0.1356,-2,7.2924,22,0.7034,-10,684,589.9966,637.9524,0.0678,512,441.6349,445.5449,0.3898,1801,1553.4853,1586.6796,0.3136,332,286.3726,313.7907,0.0508
ashburton-villa,Ashburton,Ashburton,Boroondara,7952,25038.1622,1.0496,4.6525,73,4.7203,72,-0.0678,1,4.5169,74,0.1356,-1,221,882.6526,971.4884,0.5,148,591.0977,562.4936,0.6864,417,1665.4577,1752.8061,0.3983,102,407.3781,471.3877,0.3814
bentleigh-house,Bentleigh,Bentleigh,Glen Eira,17921,57935.6589,1.0776,8.4195,8,8.3093,10,0.1102,-2,7.8517,16,0.5678,-8,349,602.3924,689.4637,0.1271,184,317.5937,343.1003,0.1864,685,1182.3461,1298.5096,0.1695,223,384.9098,421.2303,0.2627
newport-house,Newport,Newport,Hobsons Bay,13658,42952.3196,1.0483,8.2161,11,8.3008,11,-0.0847,0,8.0678,13,0.1483,-2,255,593.6816,707.0355,0.1695,102,237.4726,285.3273,0.0763,716,1666.9647,1724.4779,0.3814,160,372.5061,421.4463,0.2712
melbourne-cbd-2br,Melbourne CBD,Melbourne,Melbourne | Port Phillip,54941,194327.9726,1.179,0.7542,112,0.5847,114,0.1695,-2,1.0169,109,-0.2627,3,10546,5426.9078,5219.7414,1.0,1208,621.6295,615.2302,0.7797,7007,3605.7598,3525.7782,0.9407,3533,1818.0604,1759.9967,0.9915
east-melbourne-2br,East Melbourne,East Melbourne,Melbourne,4896,18468.5119,1.2574,0.9915,109,0.8814,110,0.1102,-1,0.839,110,0.1525,-1,351,1900.5321,1652.3227,0.8898,165,893.4125,752.0148,0.8898,817,4423.7457,3562.3606,0.9492,329,1781.4104,1377.5415,0.9322
west-melbourne-2br,West Melbourne,West Melbourne,Melbourne,8025,30271.6111,1.2574,1.3263,107,1.1144,107,0.2119,0,1.4153,106,-0.089,1,574,1896.166,1721.7878,0.8983,257,848.9803,760.0576,0.8983,790,2609.7058,2451.2331,0.7119,277,915.0488,844.6783,0.839
docklands-2br,Docklands,Docklands,Melbourne,15495,58449.6715,1.2574,2.8771,90,2.1398,97,0.7373,-7,2.9576,90,-0.0805,0,1816,3106.9465,2827.4667,0.9746,251,429.4293,438.406,0.3729,1090,1864.8522,1880.4342,0.4661,543,929.0044,885.5639,0.8644
carlton-2br,Carlton,Carlton,Melbourne,16055,60562.083,1.2574,1.3263,106,0.9703,109,0.3559,-3,1.5466,105,-0.2203,1,913,1507.5439,1463.097,0.839,497,820.6455,773.9106,0.9068,2094,3457.6089,3247.0003,0.9068,520,858.623,826.4574,0.7966
fitzroy-2br,Fitzroy,Fitzroy,Yarra,10431,34561.6946,1.1045,0.4873,116,0.6059,113,-0.1186,3,0.4576,117,0.0297,-1,1128,3263.7289,2799.2465,0.9661,304,879.5865,792.3564,0.9153,1422,4114.3816,3633.5042,0.9576,724,2094.8047,1766.4624,1.0
parkville-2br,Parkville,Parkville,Melbourne,7074,26684.2837,1.2574,3.2627,85,2.5636,95,0.6992,-10,3.2754,86,-0.0127,-1,309,1157.985,1167.7799,0.6695,146,547.1385,531.8011,0.6102,793,2971.7867,2699.1151,0.8051,208,779.485,739.1873,0.7034
carlton-north-2br,Carlton North,Carlton North,Melbourne | Yarra,6177,21883.6497,1.1809,6.1907,45,5.3008,62,0.8898,-17,6.7288,35,-0.5381,10,119,543.785,747.6926,0.2288,101,461.5318,470.7348,0.4661,573,2618.3932,2415.5047,0.6949,101,461.5318,514.8895,0.4492
fitzroy-north-2br,Fitzroy North,Fitzroy North,Merri-bek | Yarra,12781,41932.422,1.0936,3.928,79,3.8432,79,0.0847,0,3.9788,79,-0.0508,0,348,829.9067,899.9998,0.4492,277,660.5867,627.9072,0.8051,1087,2592.2662,2472.7348,0.7203,304,724.976,707.0064,0.661
brunswick-east-2br,Brunswick East,Brunswick East,Merri-bek,13279,43134.4073,1.0828,5.9661,50,5.9153,47,0.0508,3,5.8729,50,0.0932,0,279,646.8154,749.781,0.2458,242,561.037,547.8323,0.6525,763,1768.8895,1807.0232,0.4237,207,479.8953,508.4569,0.4237
essendon-2br,Essendon,Essendon,Moonee Valley,21240,67421.8523,1.0581,7.7669,16,8.0212,12,-0.2542,4,7.1017,25,0.6653,-9,450,667.4394,735.4405,0.2203,178,264.0094,293.3118,0.1017,1220,1809.5023,1830.4277,0.4407,277,410.846,439.3664,0.3305
fawkner-house,Fawkner,Fawkner,Hume | Merri-bek,14274,47452.6874,1.1081,5.6525,54,5.4703,58,0.1822,-4,5.5763,54,0.0763,0,599,1262.31,1250.4057,0.6949,114,240.2393,283.8639,0.0678,633,1333.9603,1444.9299,0.2712,281,592.1688,599.0417,0.5254
thomastown-house,Thomastown,Thomastown,Whittlesea,20234,68198.142,1.1235,5.1737,63,5.0466,69,0.1271,-6,5.0847,64,0.089,-1,814,1193.5809,1193.6239,0.678,181,265.4031,294.2364,0.1102,1337,1960.464,1961.8766,0.5,517,758.0852,741.9173,0.7119
bundoora-house,Bundoora,Bundoora,Banyule | Darebin | Whittlesea,28068,90889.2158,1.0794,5.3263,58,5.3814,59,-0.0551,-1,4.9958,67,0.3305,-9,799,879.0922,910.2972,0.4661,406,446.6977,451.0764,0.4237,1893,2082.7553,2071.7289,0.5763,440,484.1058,498.7308,0.4153
viewbank-house,Viewbank,Viewbank,Banyule,7030,21939.2018,1.0403,8.8686,5,8.9915,5,-0.1229,0,9.3178,2,-0.4492,3,87,396.5504,646.2018,0.0847,62,282.5992,347.809,0.1949,104,474.0373,942.8885,0.0593,39,177.764,319.8752,0.0678
watsonia-house,Watsonia,Watsonia,Banyule,5352,16702.5047,1.0403,6.3771,42,6.4153,42,-0.0381,0,6.661,36,-0.2839,6,141,844.1848,975.1583,0.5085,41,245.4722,337.3745,0.1525,181,1083.6698,1416.1633,0.2288,103,616.674,622.2846,0.5593
eltham-house,Eltham,Eltham,Banyule | Nillumbik,18847,57812.2214,1.0225,9.1186,4,9.2754,3,-0.1568,1,8.6949,8,0.4237,-4,352,608.8678,695.1427,0.1356,110,190.2712,234.5999,0.0339,313,541.408,752.2996,0.0,205,354.5963,395.4532,0.2034
williamstown-house,Williamstown,Williamstown,Hobsons Bay,14407,45307.81,1.0483,5.2669,60,5.5805,56,-0.3136,4,5.0975,63,0.1695,-3,461,1017.4846,1049.3847,0.6017,167,368.5899,390.6997,0.2373,849,1873.8491,1891.5069,0.4746,293,646.6876,643.9698,0.6017
point-cook-house,Point Cook,Point Cook,Wyndham,66781,236223.3551,1.1791,9.6144,2,9.1186,4,0.4958,-2,8.6186,9,0.9958,-7,1380,584.1929,608.9559,0.0339,614,259.9235,269.3032,0.0593,1964,831.4165,877.7198,0.0169,576,243.837,259.5877,0.0254
werribee-house,Werribee,Werribee,Wyndham,50027,176959.7009,1.1791,4.2203,75,3.7161,83,0.5042,-8,4.2076,76,0.0127,-1,2379,1344.3739,1336.3263,0.7627,790,446.4293,448.8066,0.4068,2553,1442.7014,1470.986,0.2797,1231,695.6386,692.2163,0.6525
moonee-ponds-2br,Moonee Ponds,Moonee Ponds,Moonee Valley,16224,51499.6296,1.0581,5.5932,55,5.8517,50,-0.2585,5,5.4831,56,0.1102,-1,508,986.4149,1020.1552,0.5678,155,300.973,331.8515,0.1441,1048,2034.9661,2024.6481,0.5508,351,681.5583,673.444,0.6186
eltham-north-house,Eltham North,Eltham North,Banyule | Nillumbik,6830,20950.6803,1.0225,9.6907,1,9.6949,1,-0.0042,0,9.9492,1,-0.2585,0,58,276.8407,573.1431,0.0254,34,162.2859,268.4511,0.0508,67,319.7987,853.458,0.0085,24,114.5548,281.6273,0.0339
essendon-west-house,Essendon West,Essendon West,Moonee Valley,1559,4948.7132,1.0581,5.7288,52,5.5169,57,0.2119,-5,7.8347,17,-2.1059,35,33,666.84,1019.4302,0.5508,10,202.0727,395.2677,0.2458,42,848.7055,1599.8103,0.3305,30,606.2182,623.2347,0.5678
watsonia-north-house,Watsonia North,Watsonia North,Banyule,3799,11855.9072,1.0403,7.6017,20,7.6525,17,-0.0508,3,9.1568,3,-1.5551,17,45,379.5576,752.1614,0.2542,38,320.5153,398.4618,0.2627,81,683.2037,1272.6585,0.161,22,185.5615,389.6684,0.1949
black-rock-house,Black Rock,Black Rock,Bayside,6389,20020.1365,1.0445,7.178,26,7.4153,21,-0.2373,5,7.9831,15,-0.8051,11,101,504.4921,734.1462,0.2119,86,429.5675,449.9894,0.4153,251,1253.7377,1492.8349,0.2966,46,229.7687,363.6412,0.1441
braybrook-villa,Braybrook,Braybrook,Maribyrnong,9682,31856.0292,1.0967,1.9195,101,1.8686,99,0.0508,2,2.0636,98,-0.1441,3,572,1795.5785,1651.833,0.8814,183,574.4595,554.4898,0.6695,1074,3371.4183,3036.9605,0.8644,252,791.059,752.9753,0.7373
brighton-house,Brighton,Brighton,Bayside,23252,72860.888,1.0445,6.6017,39,6.911,34,-0.3093,5,6.3347,42,0.2669,-3,410,562.7162,638.8921,0.0763,469,643.6924,625.2497,0.7966,1136,1559.1355,1608.9027,0.339,279,382.9215,412.9398,0.2373
bulleen-house,Bulleen,Bulleen,Manningham,11219,35422.2713,1.0524,7.0593,27,7.2415,30,-0.1822,-3,7.0297,28,0.0297,-1,244,688.8322,800.0298,0.3559,140,395.2316,416.2879,0.322,347,979.6097,1197.9829,0.1017,88,248.4313,332.8006,0.0847
burwood-house,Burwood,Burwood,Monash | Whitehorse,15147,49364.5698,1.0863,6.5805,40,6.589,37,-0.0085,3,6.2203,44,0.3602,-4,332,672.5471,760.3722,0.2797,217,439.5865,448.226,0.3983,900,1823.1699,1848.158,0.4492,190,384.8914,426.459,0.3051
camberwell-2br,Camberwell,Camberwell,Boroondara,21965,69160.3662,1.0496,6.8263,35,7.1356,32,-0.3093,3,6.2839,43,0.5424,-8,452,653.5535,721.8154,0.1864,361,521.9753,518.0464,0.5932,945,1366.3895,1442.832,0.2627,221,319.5472,358.9746,0.1356
elsternwick-2br,Elsternwick,Elsternwick,Glen Eira,10887,35195.8885,1.0776,6.0763,49,6.0932,45,-0.0169,4,6.1356,46,-0.0593,3,264,750.0876,848.2889,0.4153,151,429.0274,442.7116,0.3814,521,1480.2865,1588.9743,0.322,169,480.1697,513.6874,0.4407
hawthorn-east-2br,Hawthorn East,Hawthorn East,Boroondara,14834,46707.2557,1.0496,6.3814,41,6.4661,41,-0.0847,0,6.1864,45,0.1949,-4,278,595.1966,700.7775,0.1441,297,635.8755,610.3054,0.7627,740,1584.3363,1652.6123,0.3475,153,327.5722,381.1956,0.178
st-kilda-east-2br,St Kilda East,St Kilda East,Glen Eira | Port Phillip,12571,41074.0653,1.0891,5.7924,51,5.661,54,0.1314,-3,5.8008,52,-0.0085,-1,328,798.5574,875.9665,0.4237,183,445.5366,454.4135,0.4322,665,1619.0265,1688.0408,0.3644,219,533.1832,552.4635,0.4915
st-kilda-west-2br,St Kilda West,St Kilda West,Port Phillip,2951,9743.8977,1.1006,3.9576,78,3.8686,78,0.089,0,4.1102,77,-0.1525,1,83,851.8152,1025.0848,0.5763,56,574.7187,532.2527,0.6186,253,2596.4969,2279.9503,0.661,71,728.6612,679.5293,0.6271
aberfeldie-house,Aberfeldie,Aberfeldie,Moonee Valley,3925,12459.0758,1.0581,7.3051,24,7.3051,24,0.0,0,9.0339,5,-1.7288,19,54,433.419,772.0339,0.2966,27,216.7095,338.7826,0.1695,175,1404.5986,1657.0186,0.3559,36,288.946,441.539,0.339
albion-house,Albion,Albion,Brimbank,4334,13105.7463,1.008,2.5847,95,3.0381,88,-0.4534,7,2.2881,97,0.2966,-2,171,1304.7712,1256.7942,0.7119,88,671.4612,593.3045,0.7458,414,3158.9197,2645.0176,0.7881,142,1083.4942,887.9418,0.8729
blackburn-north-house,Blackburn North,Blackburn North,Whitehorse,7627,24692.9136,1.0792,8.7754,6,8.7839,6,-0.0085,0,9.0466,4,-0.2712,2,95,384.7258,617.9697,0.0508,74,299.6811,354.7913,0.2203,269,1089.3814,1343.6492,0.1864,47,190.338,317.5449,0.0593
blackburn-south-house,Blackburn South,Blackburn South,Whitehorse,10939,35415.7312,1.0792,7.6992,17,7.5381,20,0.161,-3,7.7119,18,-0.0127,-1,200,564.7208,703.2622,0.161,137,386.8337,409.7422,0.3051,580,1637.6903,1711.1935,0.3729,72,203.2995,297.6184,0.0424
box-hill-north-house,Box Hill North,Box Hill North,Whitehorse,12337,39941.8481,1.0792,7.6907,18,7.6822,16,0.0085,2,7.6695,20,0.0212,-2,196,490.7134,631.5179,0.0593,208,520.7571,514.7736,0.5847,421,1054.0324,1237.7417,0.1356,111,277.904,348.7367,0.1102
box-hill-south-house,Box Hill South,Box Hill South,Whitehorse,8491,27490.1704,1.0792,6.6949,37,6.5424,39,0.1525,-2,6.9237,31,-0.2288,6,154,560.2002,729.2357,0.1949,141,512.9106,507.0327,0.5254,487,1771.5423,1824.8812,0.4322,86,312.8391,397.8791,0.2119
brunswick-west-2br,Brunswick West,Brunswick West,Merri-bek,14746,47899.6889,1.0828,5.1314,64,5.0932,68,0.0381,-4,5.1144,62,0.0169,2,388,810.0261,876.3289,0.4322,245,511.4856,507.9258,0.5339,978,2041.7669,2029.6328,0.5593,290,605.4319,609.9611,0.5339
coburg-north-house,Coburg North,Coburg North,Merri-bek,8327,27048.7393,1.0828,2.7076,93,2.7839,92,-0.0763,1,2.6229,92,0.0847,1,374,1382.6892,1331.7368,0.7542,156,576.7367,553.5612,0.661,768,2839.319,2605.0848,0.7542,244,902.0753,829.0851,0.8136
gardenvale-house,Gardenvale,Gardenvale,Glen Eira,1019,3294.2602,1.0776,4.1441,76,4.2203,75,-0.0763,1,5.0636,65,-0.9195,11,31,941.0307,1131.2528,0.6525,12,364.27,459.5023,0.4576,83,2519.5339,2107.3084,0.6102,25,758.8957,663.1852,0.6102
heidelberg-west-house,Heidelberg West,Heidelberg West,Banyule,5252,16390.425,1.0403,0.6483,113,0.8136,112,-0.1653,1,0.4407,118,0.2076,-5,479,2922.4379,2267.4576,0.9237,217,1323.9437,1008.2726,0.9746,630,3843.7075,3134.2847,0.8898,309,1885.247,1410.2295,0.9492
keilor-house,Keilor,Keilor,Brimbank | Hume,5906,18971.3968,1.0707,7.6525,19,7.6229,18,0.0297,1,8.8941,7,-1.2415,12,106,558.7359,777.9801,0.322,39,205.5726,304.0497,0.1186,196,1033.1343,1357.0318,0.2034,45,237.1992,373.353,0.1525
keilor-downs-house,Keilor Downs,Keilor Downs,Brimbank,9857,29806.9546,1.008,7.0339,28,7.2458,29,-0.2119,-1,7.0975,26,-0.0636,2,250,838.7304,927.9577,0.4831,57,191.2305,266.5048,0.0424,331,1110.4791,1326.7809,0.178,107,358.9766,427.477,0.3136
keilor-east-house,Keilor East,Keilor East,Brimbank | Moonee Valley,15078,46728.4153,1.033,9.2331,3,9.4068,2,-0.1737,1,8.9831,6,0.25,-3,255,545.7065,659.9721,0.0932,80,171.202,227.5534,0.0169,488,1044.3324,1207.774,0.1102,151,323.1438,377.5279,0.1695
keysborough-house,Keysborough,Keysborough,Greater Dandenong,30018,94464.1666,1.049,7.1864,25,7.2839,26,-0.0975,-1,6.7542,34,0.4322,-9,755,799.2449,837.0255,0.4068,290,306.9947,324.5969,0.1271,1261,1334.8977,1395.8385,0.2119,331,350.3974,377.3213,0.161
maidstone-house,Maidstone,Maidstone,Maribyrnong,9389,30891.9911,1.0967,4.9534,69,4.8093,70,0.1441,-1,4.8093,70,0.1441,-1,284,919.3321,986.4809,0.5169,127,411.1098,430.6159,0.339,875,2832.4493,2621.9096,0.7712,194,627.9945,628.8898,0.5763
maribyrnong-2br,Maribyrnong,Maribyrnong,Maribyrnong,12573,41368.0908,1.0967,2.322,98,2.2373,96,0.0847,2,2.4237,95,-0.1017,3,562,1358.535,1326.4883,0.7458,263,635.7557,607.5512,0.7542,1470,3553.4635,3245.4994,0.8983,305,737.2832,716.7204,0.678
port-melbourne-2br,Port Melbourne,Port Melbourne,Melbourne | Port Phillip,17633,62368.4524,1.179,2.3602,97,1.9195,98,0.4407,-1,2.5212,94,-0.161,3,804,1289.1133,1275.9589,0.7203,369,591.6453,577.7206,0.7373,2494,3998.8166,3718.6799,0.9661,497,796.8772,774.0466,0.7542
sunshine-north-house,Sunshine North,Sunshine North,Brimbank,12047,36429.3783,1.008,3.2373,87,3.7373,82,-0.5,5,3.2415,87,-0.0042,0,388,1065.0744,1092.8246,0.6271,212,581.9479,562.3324,0.678,1152,3162.2829,2905.8133,0.8475,256,702.7295,687.4216,0.6441
sunshine-west-house,Sunshine West,Sunshine West,Brimbank,18552,56100.0936,1.008,5.1737,62,5.6992,52,-0.5254,10,5.0593,66,0.1144,-4,564,1005.3459,1033.874,0.5847,238,424.2417,434.3223,0.3475,971,1730.8349,1767.2457,0.4068,307,547.2362,560.0076,0.5
tullamarine-house,Tullamarine,Tullamarine,Brimbank | Hume | Merri-bek,6733,21708.9113,1.0748,3.9788,77,4.0381,76,-0.0593,1,4.072,78,-0.0932,-1,278,1280.5801,1253.2492,0.7034,62,285.597,350.3351,0.2034,1326,6108.0907,4803.5426,1.0,197,907.4614,820.4809,0.7881
templestowe-house,Templestowe,Templestowe,Manningham,16966,53567.5421,1.0524,8.3263,10,8.4153,9,-0.089,1,8.1102,12,0.2161,-2,233,434.9649,554.3579,0.0169,272,507.7702,505.1122,0.5169,363,677.6492,881.1904,0.0254,75,140.0102,217.3524,0.0
sydenham-house,Sydenham,Sydenham,Brimbank,10578,31987.2138,1.008,7.0212,29,7.3941,22,-0.3729,7,7.0085,29,0.0127,0,270,844.0873,927.4054,0.4746,71,221.9637,286.0095,0.0847,321,1003.526,1234.0687,0.1271,117,365.7712,429.0963,0.322
rockbank-house,Rockbank,Rockbank,Melton,2583,10154.8167,1.3105,2.0381,100,1.7288,101,0.3093,-1,1.6398,104,0.3983,-4,166,1634.6922,1415.9974,0.822,83,817.3461,655.3641,0.8305,259,2550.5138,2263.236,0.6525,93,915.8215,774.83,0.7627
wollert-house,Wollert,Wollert,Whittlesea,24407,82263.124,1.1235,7.8178,14,7.5551,19,0.2627,-5,7.2881,23,0.5297,-9,600,729.3669,779.7175,0.3305,254,308.7653,328.5033,0.1356,659,801.088,927.945,0.0508,247,300.256,336.175,0.0932
mernda-house,Mernda,Mernda,Whittlesea,23369,78764.5735,1.1235,7.5636,21,7.3475,23,0.2161,-2,7.2712,24,0.2924,-3,670,850.6362,889.3094,0.4407,109,138.3871,178.0974,0.0085,601,763.0334,899.1775,0.0424,313,397.3868,423.7789,0.2881
